ID,Nombre del caso,Tipo,Prioridad,Componente,Requisito,Entorno,Comando de ejecución,Resultado esperado,Riesgo que cubre,Fecha planificada,Fecha de ejecución,Responsable,Resultado obtenido,Defecto asociado,Observaciones
TC-AUTO-001,Reconstrucción exacta del ángulo interno de una articulación en todo el rango de movimiento humano,Unitaria,Alta,biomechanics/geometry.py (BiomechanicsMath),RF-05,Cualquiera,"python3 -m pytest ""tests/unit/test_geometry.py::test_reconstruye_cualquier_angulo_del_rango_articular"" -v",PASSED sin excepciones ni tiempos de espera agotados,todo diagnóstico del sistema experto depende de este cálculo,,,,,,
TC-AUTO-002,El ángulo devuelto nunca excede 180° aunque los segmentos crucen la discontinuidad de atan2,Unitaria,Alta,biomechanics/geometry.py (BiomechanicsMath),RF-05,Cualquiera,"python3 -m pytest ""tests/unit/test_geometry.py::test_normaliza_cuando_los_segmentos_cruzan_el_corte_angular"" -v",PASSED en los tres casos parametrizados,un ángulo de 340° no entra en ningún umbral y el sistema dejaría de evaluar la técnica,,,,,,
TC-AUTO-003,El filtro de media móvil reduce al menos a la mitad la dispersión del ruido de MediaPipe,Unitaria,Media,biomechanics/filters.py (MovingAverageFilter),RNF-03,Cualquiera,"python3 -m pytest ""tests/unit/test_filters.py::test_reduce_la_dispersion_del_ruido"" -v",PASSED. Un fallo indica que el suavizado dejó de ser efectivo (ventana mal configurada o buffer sin maxlen),"sin el filtro el diagnóstico parpadea, pero el sistema sigue operando",,,,,,
TC-AUTO-004,Clasificación del golpe recto en las fronteras exactas de 160° y 175°,Unitaria,Alta,expert_system/knowledge_base.py (KarateRules.evaluate_tsuki),RF-05,Cualquiera,"python3 -m pytest ""tests/unit/test_knowledge_base.py::test_tsuki_fronteras_exactas"" -v",PASSED en los cuatro valores límite y en los 11 casos de rango asociados,"un falso positivo aprueba una hiperextensión, que es riesgo de lesión articular",,,,,,
TC-AUTO-005,La patada frontal exige simultáneamente extensión (Kime ≥ 160°) y explosividad (≥ 400 °/s),Unitaria,Alta,expert_system/knowledge_base.py (KarateRules.evaluate_mae_geri),RF-05,Cualquiera,"python3 -m pytest ""tests/unit/test_knowledge_base.py::test_mae_geri_fronteras_exactas"" -v",PASSED en los cuatro valores límite y en los 7 casos de rango asociados,"es la regla con dos condiciones acopladas, la más propensa a error lógico",,,,,,
TC-AUTO-006,"El analizador identifica la postura ejecutada antes de evaluarla, a partir de los ángulos de ambas rodillas",Integracion,Alta,expert_system/analyzer.py (TechniqueAnalyzer),"['RF-01', 'RF-05']",Cualquiera,"python3 -m pytest ""tests/integration/test_analyzer.py::test_identifica_la_postura_antes_de_evaluarla"" -v",PASSED en las cuatro posturas parametrizadas,"si clasifica mal la postura, aplica la regla equivocada y todo el diagnóstico es inválido",,,,,,
TC-AUTO-007,Una patada correcta recorre Reposo → Carga → Extensión → Recuperando → Reposo y se califica como correcta,Integracion,Alta,expert_system/kick_state_machine.py (MaeGeriStateMachine),"['RF-01', 'RF-05']",Cualquiera,"python3 -m pytest ""tests/integration/test_kick_state_machine.py::test_ciclo_completo_de_una_patada_correcta"" -v",PASSED sin excepciones,es la única técnica evaluada en movimiento; un error de transición deja al sistema atascado,,,,,,
TC-AUTO-008,Perder de vista la pierna más allá de la tolerancia aborta la técnica en vez de emitir un diagnóstico inventado,Integracion,Alta,expert_system/kick_state_machine.py (MaeGeriStateMachine),"['RF-01', 'RF-03']",Cualquiera,"python3 -m pytest ""tests/integration/test_kick_state_machine.py::test_oclusion_prolongada_aborta_la_tecnica"" -v",PASSED. Caso complementario: test_oclusion_breve_no_interrumpe_la_tecnica,evaluar con datos incompletos daría retroalimentación falsa al atleta,,,,,,
TC-AUTO-009,Ninguna credencial incorrecta concede acceso al sistema,Integracion,Alta,persistence/database.py (Database.autenticar_entrenador),RF-08,Cualquiera,"python3 -m pytest ""tests/integration/test_database.py::test_credenciales_invalidas_no_dan_acceso"" -v",PASSED en los cuatro pares parametrizados,es el control de acceso a los expedientes de los alumnos,,,,,,
TC-AUTO-010,"La contraseña se almacena como hash SHA-256, nunca en texto plano",Integracion,Alta,persistence/database.py (Database.crear_entrenador),RNF-05,Cualquiera,"python3 -m pytest ""tests/integration/test_database.py::test_la_contrasena_nunca_se_guarda_en_texto_plano"" -v",PASSED,requisito no funcional de seguridad verificable automáticamente,,,,,,
TC-AUTO-011,Treinta cuadros consecutivos con el mismo diagnóstico generan un único registro en la base de datos,Integracion,Media,persistence/medicion_logger.py (MedicionLogger),RF-07,Cualquiera,"python3 -m pytest ""tests/integration/test_medicion_logger.py::test_treinta_frames_identicos_generan_una_sola_fila"" -v",PASSED. Caso complementario: test_cada_cambio_real_de_diagnostico_se_registra,"sin la regla, una sesión de 10 minutos generaría ~18 000 filas idénticas",,,,,,
TC-AUTO-012,El historial de dos sesiones produce un archivo PNG de progreso válido y no vacío,Integracion,Media,persistence/reportes.py (generar_reporte_progreso),RF-07,Cualquiera,"python3 -m pytest ""tests/integration/test_reportes.py::test_genera_un_png_con_el_historial_de_dos_sesiones"" -v",PASSED. Caso negativo asociado: sin mediciones evaluadas devuelve None y no deja archivos basura,es el entregable que el sensei entrega al alumno,,,,,,
TC-AUTO-013,Al abrir el análisis en vivo con un alumno elegido queda registrada una sesión abierta a su nombre,E2e,Alta,"gui/ (App, LoginScreen, InicioScreen, LiveScreen)","['RF-06', 'RNF-04']",Con pantalla y cámara,"python3 -m pytest ""tests/e2e/test_gui_flow.py::test_elegir_un_perfil_abre_la_sesion_de_analisis"" -v","PASSED. En entornos sin interfaz gráfica (CI headless) el caso se marca SKIPPED de forma controlada, no FAILED",es el flujo principal de uso del sistema,,,,,,
TC-AUTO-014,"Terminar la sesión cierra el registro en la base de datos, libera la cámara y regresa a la selección de perfiles",E2e,Alta,"gui/ (App.on_terminar_sesion, LiveScreen)","['RF-06', 'RF-07']",Con pantalla y cámara,"python3 -m pytest ""tests/e2e/test_gui_flow.py::test_terminar_la_sesion_cierra_el_registro_y_libera_la_camara"" -v",PASSED. En CI headless se marca SKIPPED de forma controlada,"si la cámara no se libera, la siguiente sesión no puede abrirla",,,,,,
TC-AUTO-015,El instrumento que mide la latencia del pipeline cronometra cada etapa por separado con un reloj determinista,Unitaria,Media,biomechanics/metrics.py (PerformanceMonitor),"['RNF-01', 'RF-01']",Cualquiera,"python3 -m pytest ""tests/unit/test_metrics.py::test_mide_cada_etapa_por_separado"" -v",PASSED. La aritmética de las mediciones coincide con los valores conocidos de antemano en milisegundos,"es el instrumento con el que se declara el cumplimiento del RNF-01; si mide mal, el resultado reportado en el capítulo 4 no vale",,,,,,
TC-AUTO-016,Una contraseña equivocada permite reintentar el acceso sin abortar el programa,Integracion,Media,persistence/cli_auth.py (login_o_registro),RF-08,Cualquiera,"python3 -m pytest ""tests/integration/test_cli_auth.py::test_reintento_tras_una_contrasena_equivocada"" -v","PASSED. El guion se consume por completo: si el programa pidiera más datos de los previstos, el doble de teclado falla la prueba","es el camino de recuperación del acceso por consola; si el bucle aborta, el entrenador queda fuera del sistema tras un error de tecleo",,,,,,
TC-AUTO-017,"Sin persona detectada, el fotograma se devuelve intacto y no se dibuja ningún esqueleto",Integracion,Media,biomechanics/renderer.py (SkeletonRenderer.draw),RF-06,Cualquiera,"python3 -m pytest ""tests/integration/test_renderer.py::test_sin_persona_detectada_el_video_se_devuelve_intacto"" -v",PASSED. Caso complementario: test_dibuja_el_esqueleto_cuando_hay_pose comprueba el camino positivo,dibujar sobre un fotograma sin pose detectada mostraría un esqueleto fantasma al alumno; una excepción aquí congela el video en plena clase,,,,,,
TC-AUTO-018,Recalibrar un umbral crea una versión nueva y conserva la anterior en el historial,Integracion,Alta,"persistence/database.py (actualizar_umbral, historial_umbral)",RF-08,Cualquiera,"python3 -m pytest ""tests/integration/test_umbrales.py::test_recalibrar_crea_version_nueva_sin_borrar_la_anterior"" -v",PASSED. Es la garantía de trazabilidad que sostiene el requisito de umbrales parametrizados,"si la recalibración sobrescribiera el umbral, las mediciones antiguas quedarían juzgadas por un criterio que ya no existe y el reporte de progreso dejaría de ser trazable",,,,,,
TC-AUTO-019,Una ficha incompleta es rechazada y el error enumera todos los campos que incumplen el formato,Unitaria,Media,tests/reporte/plantilla.py (FichaCasoPrueba),RF-08,Cualquiera,"python3 -m pytest ""tests/unit/test_plantilla_reporte.py::test_el_error_enumera_todos_los_problemas_de_una_vez"" -v",PASSED. La validación es acumulativa: quien escribe una ficha ve de una sola vez todo lo que le falta,"si la plantilla aceptara fichas incompletas, el documento de casos se vería impecable y estaría vacío por dentro",,,,,,
TC-AUTO-020,El formulario de calibración rechaza todo rango imposible antes de escribirlo en la base de datos,Unitaria,Alta,gui/validacion_umbrales.py (interpretar_rango),RF-08,Cualquiera,"python3 -m pytest ""tests/unit/test_validacion_umbrales.py::test_rechaza_los_rangos_imposibles"" -v","PASSED. Ningún rango inválido llega a `Database.actualizar_umbral`, de modo que no se crea una versión de umbral inservible","un umbral invertido o fuera del rango articular medible haría que una técnica no pueda aprobarse nunca, y el atleta recibiría correcciones imposibles de satisfacer sin que nada delate el error",,,,,,
TC-AUTO-021,"Recalibrar un umbral desde la interfaz cambia el criterio con el que el sistema experto evalúa, sin modificar el código fuente",E2e,Alta,gui/umbrales_screen.py (UmbralesScreen) + persistence/database.py (actualizar_umbral),RF-08,Con pantalla y cámara,"python3 -m pytest ""tests/e2e/test_gui_umbrales.py::test_recalibrar_cambia_el_criterio_del_sistema_experto"" -v","PASSED. El criterio nuevo rige la siguiente sesión de análisis y la versión anterior permanece en el historial, de modo que las mediciones ya registradas siguen siendo interpretables","es la única vía por la que un instructor puede ajustar el criterio técnico del sistema; si la pantalla no escribe en la base de datos, el RF-08 queda sostenido solo por código que nadie del dojo puede ejecutar",,,,,,
TC-AUTO-022,La fuente de video elegida se verifica antes de guardarse y sobrevive al reinicio del sistema,E2e,Alta,gui/camara_screen.py (CamaraScreen) + persistence/database.py (guardar_config),RF-01,Con pantalla y cámara,"python3 -m pytest ""tests/e2e/test_gui_camara.py::test_la_fuente_elegida_se_verifica_y_persiste"" -v","PASSED. La fuente queda configurada solo después de comprobar que entrega imagen, y la pantalla de análisis la reutiliza sin que el entrenador vuelva a elegirla","con el índice de cámara escrito en el código, el sistema fallaba en silencio en cualquier equipo distinto al de desarrollo: la ventana quedaba en negro sin informar la causa, que es el peor escenario posible durante una demostración en vivo",,,,,,
TC-AUTO-023,Un índice de cámara escrito como texto se convierte a entero antes de llegar a OpenCV,Unitaria,Alta,vision/camera.py (normalizar),RF-01,Cualquiera,"python3 -m pytest ""tests/unit/test_fuentes_video.py::test_los_indices_se_convierten_a_entero"" -v","PASSED. Las direcciones de cámara IP, en cambio, se conservan como texto: es el tipo con el que OpenCV las interpreta como flujo de red","OpenCV distingue por tipo: con el entero 2 abre la tercera cámara del equipo, pero con la cadena ""2"" busca un archivo de video llamado ""2"". Como el valor llega desde un formulario de la interfaz, siempre viene en texto, y sin la conversión el sistema nunca abriría la cámara seleccionada",,,,,,
TC-AUTO-024,La fuente de video configurada persiste entre ejecuciones del sistema,Integracion,Media,"persistence/database.py (guardar_config, leer_config)",RF-01,Cualquiera,"python3 -m pytest ""tests/integration/test_configuracion.py::test_la_preferencia_sobrevive_al_reinicio_del_sistema"" -v","PASSED. La preferencia vive en el mismo archivo SQLite que el resto del estado del dojo, de modo que un respaldo la incluye","si la preferencia no sobreviviera al reinicio, configurar la cámara dejaría de ser una tarea de instalación y pasaría a ser un paso que el entrenador repite cada sesión, en contra del ciclo de uso breve que exige el RNF-04",,,,,,
TC-AUTO-025,Un Kokutsu Dachi correctamente ejecutado se reconoce como tal y no como una transición entre posturas,Integracion,Alta,expert_system/analyzer.py (clasificador de posturas),"['RF-01', 'RF-05']",Cualquiera,"python3 -m pytest ""tests/integration/test_analyzer.py::test_un_kokutsu_real_no_se_confunde_con_una_transicion"" -v","PASSED. Con el clasificador anterior las cinco ejecuciones fallaban, por lo que esta prueba impide que la corrección se revierta","es una prueba de regresión de un defecto real: el clasificador exigía la rodilla frontal flexionada para reconocer un Kokutsu, cuando en esa postura el peso va atrás y la frontal queda casi extendida. Toda ejecución correcta caía en la rama por defecto y se reportaba como ""EN TRANSICION"", de modo que una de las posturas del alcance no se evaluaba nunca y nada lo delataba",,,,,,
TC-AUTO-026,"La precisión de un alumno se calcula solo sobre evaluaciones cerradas, ignorando los estados transitorios",Integracion,Alta,persistence/database.py (resumen_atletas),RF-07,Cualquiera,"python3 -m pytest ""tests/integration/test_consultas_progreso.py::test_la_precision_ignora_los_estados_transitorios"" -v","PASSED. Un alumno sin mediciones aparece con precisión None y no con 0 %, porque ""sin datos"" y ""falla todo"" son afirmaciones distintas","durante una sesión el sistema emite muchos diagnósticos sin veredicto (""EN TRANSICION"", ""MAE GERI: CARGA"", articulación no visible). Contarlos como fallos hundiría el porcentaje de cualquier alumno por el solo hecho de haberse movido frente a la cámara, y el instructor tomaría decisiones de entrenamiento sobre una cifra falsa",,,,,,
TC-AUTO-027,El reporte de progreso de un atleta se genera desde la interfaz y produce un archivo de imagen válido,E2e,Alta,gui/alumno_screen.py (AlumnoScreen) + persistence/reportes.py,RF-07,Con pantalla y cámara,"python3 -m pytest ""tests/e2e/test_gui_historial.py::test_el_reporte_de_progreso_se_genera_desde_la_pantalla"" -v","PASSED. Si el atleta no tiene evaluaciones cerradas, no se genera un archivo vacío: se explica por qué todavía no hay nada que graficar","el módulo de reportes funcionaba y estaba probado, pero no se invocaba desde ninguna pantalla ni desde la consola: era código inalcanzable para el usuario. El diagrama de casos de uso, en cambio, declaraba la función como implementada, de modo que el sistema prometía algo que nadie podía ejecutar",,,,,,
TC-AUTO-028,"Ejecutar el programa sin argumentos abre la interfaz gráfica, no la versión de terminal",Unitaria,Media,main.py (main),RNF-04,Cualquiera,"python3 -m pytest ""tests/unit/test_punto_de_entrada.py::test_la_linea_de_comandos_elige_la_via_correcta"" -v",PASSED. Ambas vías comparten el mismo motor de análisis; solo cambia cómo se presentan los resultados,"`python main.py` es lo primero que ejecuta cualquiera que reciba el proyecto. Mientras ese comando abría la versión de consola, el usuario terminaba en un formulario de terminal y concluía que el sistema no tenía interfaz gráfica, cuando sí la tiene",,,,,,
TC-AUTO-029,El panel de inicio cuenta la actividad reciente del dojo y descarta la anterior a la ventana de siete días,Integracion,Alta,persistence/database.py (metricas_dojo),RF-07,Cualquiera,"python3 -m pytest ""tests/integration/test_panel_inicio.py::test_la_ventana_de_actividad_deja_fuera_las_sesiones_viejas"" -v",PASSED. El panel refleja la actividad de los últimos siete días y la precisión se calcula solo sobre evaluaciones cerradas de ese periodo.,"es la primera cifra que el instructor ve al abrir el sistema y la que usará para decidir cómo va la semana; si la ventana no filtra, el número crece para siempre y deja de significar «actividad reciente», convirtiendo el panel en un contador histórico disfrazado",,,,,,
TC-AUTO-030,"El panel de correcciones no repite una corrección que sigue vigente, de modo que la retroalimentación en pantalla conserve solo lo que cambió",Unitaria,Alta,gui/panel_vivo.py (FeedCorrecciones),,Cualquiera,"python3 -m pytest ""tests/unit/test_panel_vivo.py::test_una_correccion_vigente_no_se_vuelve_a_anotar"" -v",PASSED. El panel muestra la secuencia de correcciones reales del alumno y no la frecuencia de muestreo de la cámara.,"el análisis corre a unos 30 fotogramas por segundo y el mismo diagnóstico se repite en decenas consecutivos; sin el filtro, un solo error sostenido durante un segundo llena la lista con treinta copias idénticas y empuja fuera de pantalla las demás correcciones, incumpliendo de fondo el RF-06 aunque el panel se dibuje",,,,,,
TC-AUTO-031,"Un grado numérico escrito bajo un color de cinta que no lo admite se descarta al guardar, en vez de producir una ficha que se contradice",Unitaria,Media,gui/registro_alumno.py (interpretar_formulario),RF-07,Cualquiera,"python3 -m pytest ""tests/unit/test_registro_alumno.py::test_un_grado_huerfano_no_se_guarda"" -v",PASSED. La ficha guardada nunca afirma un grado que su color de cinta contradice.,"el campo de grado aparece y desaparece según el color elegido, de modo que un sensei que escribe «1er kyu» y después corrige la cinta a «Blanca» deja un valor huérfano en el formulario; guardarlo registraría a un principiante como alumno avanzado y ese dato alimenta después las estadísticas por grado",,,,,,
TC-AUTO-032,Elegir un perfil de sensei exige su contraseña y no da acceso con un solo clic,E2e,Alta,gui/perfil_screen.py (PerfilScreen) + persistence/database.py (autenticar_entrenador),,Con pantalla y cámara,"python3 -m pytest ""tests/e2e/test_gui_inicio.py::test_cambiar_de_perfil_pide_la_contrasena_del_sensei"" -v","PASSED. Cambiar de perfil pasa siempre por la verificación de credenciales, de modo que la firma de cada medición corresponde a quien realmente la tomó.","la pantalla se parece a un selector de perfiles al estilo Netflix, donde elegir una tarjeta entra sin más; si aquí se comportara igual, sería una puerta trasera al inicio de sesión —cualquiera operaría como el sensei principal con un clic— y dejaría sin valor el hash SHA-256 del RNF-05, además de falsear la firma que queda en cada umbral recalibrado y en cada sesión registrada",,,,,,
TC-AUTO-033,"El video se ajusta al espacio disponible conservando su proporción, en vez de imponer su resolución al resto de la pantalla",E2e,Alta,"gui/live_screen.py (_escalar, _mostrar_frame)",,Con pantalla y cámara,"python3 -m pytest ""tests/e2e/test_gui_vivo.py::test_el_video_se_ajusta_al_hueco_sin_deformarse"" -v","PASSED. El panel de correcciones conserva su ancho y los ángulos se ven sin deformar, que es condición para que lo mostrado corresponda a lo medido.","una cámara entrega 1280x720 y el fotograma se dibujaba a tamaño nativo, de modo que empujaba al panel derecho —donde viven las correcciones del sistema experto— hasta reducirlo a 193 px de los 320 que pide, recortando el texto de cada corrección; en un equipo con pantalla pequeña el panel quedaría fuera de cuadro y el RF-06 dejaría de cumplirse en la práctica",,,,,,
TC-AUTO-034,Todo veredicto que la base de conocimientos puede emitir tiene su corrección redactada para el alumno,Unitaria,Media,gui/coaching.py (CORRECCIONES) + expert_system/knowledge_base.py,,Cualquiera,"python3 -m pytest ""tests/unit/test_coaching.py::test_ningun_veredicto_del_motor_se_queda_sin_correccion"" -v",PASSED. Cada veredicto llega al alumno como una instrucción y no como lenguaje de máquina.,"el panel de correcciones es la forma en que el sistema cumple el RF-06; si se agrega una regla nueva y se olvida su traducción, la pantalla no falla —muestra el texto técnico— y el descuido pasa inadvertido hasta que un instructor lee «MAE GERI: KIME INCOMPLETO» en medio de una clase y tiene que interpretarlo él",,,,,,
TC-AUTO-035,"Una cámara sin nombre se omite de la lista en vez de desplazar a las siguientes, de modo que ningún dispositivo quede etiquetado con el nombre de otro",Unitaria,Media,vision/nombres_camara.py (analizar_salida_macos),RF-01,Cualquiera,"python3 -m pytest ""tests/unit/test_nombres_camara.py::test_una_camara_sin_nombre_se_omite_en_vez_de_correr_las_demas"" -v",PASSED. La cámara sin nombre se muestra por su índice y las demás conservan el suyo.,"la posición en la lista ES el índice del dispositivo, así que un hueco correría a todas las cámaras posteriores y el entrenador elegiría la webcam integrada creyendo que elige la cámara del tatami; una etiqueta equivocada es peor que no tener etiqueta, porque induce a confiar en ella",,,,,,
TC-AUTO-036,"La asimetría entre lados solo se reporta cuando hay repeticiones suficientes en ambos, de modo que un fallo aislado no se presente como señal de lesión",Unitaria,Alta,expert_system/riesgos.py (evaluar_asimetria),,Cualquiera,"python3 -m pytest ""tests/unit/test_riesgos.py::test_la_asimetria_exige_repeticiones_suficientes_en_ambos_lados"" -v","PASSED. El sistema se pronuncia sobre asimetría solo cuando la muestra lo respalda, y nombra qué lado trabajar.","con tres repeticiones por lado un solo fallo mueve el porcentaje 33 puntos, de modo que casi cualquier sesión corta produciría una «asimetría marcada»; un instructor que recibe esa alerta cambia el entrenamiento de un alumno sano, y si la alerta salta siempre deja de creerle también cuando es real",,,,,,
TC-AUTO-037,Ninguna tarea principal del sistema cuesta más de tres pulsaciones,Unitaria,Alta,"gui/navegacion.py (RUTAS, exceden_el_limite)",RNF-04,Cualquiera,"python3 -m pytest ""tests/unit/test_navegacion.py::test_ninguna_tarea_pasa_de_tres_pulsaciones"" -v","PASSED en los dos entornos, con y sin interfaz gráfica",es la verificación directa del RNF-04; sin ella el requisito se daba por cumplido sin haber contado nunca las pulsaciones reales,,,,,,
TC-AUTO-038,"Cada tarea principal se completa pulsando los controles reales de la interfaz, en no más de tres pulsaciones desde el panel de inicio",E2e,Alta,"gui/ (App, BarraLateral y las nueve pantallas), gui/navegacion.py",RNF-04,Con pantalla y cámara,"python3 -m pytest ""tests/e2e/test_navegacion_rnf04.py::test_cada_tarea_principal_se_completa_en_tres_pulsaciones"" -v","PASSED para las nueve rutas. En entornos sin interfaz gráfica (CI headless) el caso se marca SKIPPED de forma controlada, no FAILED",verifica el RNF-04 sobre la interfaz construida y no sobre una declaración: una pantalla intermedia o un botón renombrado rompen el recorrido y quedan a la vista,,,,,,
TC-AUTO-039,Una medición de Kokutsu Dachi se vuelve a juzgar cuando el sensei corrige el umbral,Unitaria,Alta,expert_system/reevaluacion.py (reevaluar),RF-08,Cualquiera,"python3 -m pytest ""tests/unit/test_reevaluacion.py::test_corregir_el_umbral_trasero_cambia_el_veredicto_de_un_kokutsu_guardado"" -v","El veredicto recalculado es Incorrecto, sin haber vuelto a medir","los rangos de Kokutsu Dachi vigentes son provisionales; sin re-evaluación, confirmarlos con el cuerpo técnico obligaría a repetir toda la toma de datos en el dojo",,,,,,
TC-AUTO-040,"Corregir un umbral revela qué mediciones del historial cambiarían de veredicto, sin repetir la toma de datos",Integracion,Alta,expert_system/analyzer.py + persistence/medicion_logger.py + expert_system/reevaluacion.py,RF-08,Cualquiera,"python3 -m pytest ""tests/integration/test_recalibracion_retroactiva.py::test_una_correccion_de_umbral_se_aplica_a_lo_ya_medido"" -v",El informe identifica el cambio de Correcto a Incorrecto sin volver a medir,"los rangos de Kokutsu Dachi vigentes están pendientes de confirmación del cuerpo técnico; sin recalibración retroactiva, esa confirmación invalidaría toda la toma de datos de campo hecha antes",,,,,,
TC-AUTO-041,La velocidad de grabación se deduce del análisis real y no de la que declara la cámara,Unitaria,Alta,vision/grabacion.py (fps_estimado),RF-01,Cualquiera,"python3 -m pytest ""tests/unit/test_grabacion.py::test_la_velocidad_se_mide_por_intervalos_no_por_fotogramas"" -v",10.0 fps: diez intervalos de 100 ms entre once fotogramas,"el bucle corre a la velocidad que permite la estimación de pose, no a la de captura; declarar 30 fps sobre un flujo real de 10 produce un video que se reproduce al triple y deja de coincidir con los tiempos de las mediciones guardadas",,,,,,
TC-AUTO-042,Una sesión analizada deja un archivo de video reproducible con todos sus fotogramas,Integracion,Alta,vision/grabador.py (GrabadorSesion),"RF-01, RF-07",Cualquiera,"python3 -m pytest ""tests/integration/test_grabador.py::test_una_sesion_deja_un_video_reproducible_con_todos_sus_fotogramas"" -v",Un .mp4 legible con los 30 fotogramas y la velocidad medida,"sin la grabación, una ejecución medida en el dojo no se puede volver a analizar; repetirla no es equivalente porque sería otra ejecución, de otro día",,,,,,
TC-AUTO-043,Un fallo al escribir el video no interrumpe la sesión de medición,Integracion,Alta,vision/grabador.py (GrabadorSesion.escribir),"RF-01, RF-07",Cualquiera,"python3 -m pytest ""tests/integration/test_grabador.py::test_un_fallo_al_escribir_apaga_la_grabacion_pero_no_levanta"" -v",La grabación se apaga con su motivo registrado; el bucle sigue corriendo,"se graba sobre el equipo de un dojo, no sobre un servidor vigilado: un disco lleno o un códec ausente no puede costar las mediciones de toda una tarde",,,,,,
TC-AUTO-044,Una sesión de análisis en vivo deja un video atado a la sesión en la base de datos,E2e,Alta,gui/live_screen.py + vision/grabador.py + persistence/database.py,"RF-01, RF-07",Con pantalla y cámara,"python3 -m pytest ""tests/e2e/test_gui_vivo.py::test_una_sesion_en_vivo_deja_video_atado_a_la_sesion"" -v","Un .mp4 en la carpeta configurada, referenciado por la sesión","sin video, una toma de datos en el dojo es irrepetible: si el criterio de evaluación cambia, la ejecución medida ya no se puede volver a analizar",,,,,,
TC-AUTO-045,Una sesión grabada se puede elegir como fuente y queda configurada para volver a analizarse,E2e,Alta,gui/camara_screen.py (CamaraScreen) + vision/fuentes.py (validar_grabacion),RF-01,Con pantalla y cámara,"python3 -m pytest ""tests/e2e/test_gui_camara.py::test_una_grabacion_se_elige_y_queda_configurada"" -v",La grabación queda como fuente del próximo análisis,"si la grabación no se puede volver a analizar desde la interfaz, el video de una sesión solo sirve para mirarlo, y corregir un umbral seguiría exigiendo repetir la medición en el dojo",,,,,,
TC-AUTO-046,"El instructor decide si las sesiones se graban, y la decisión persiste entre arranques",E2e,Alta,gui/camara_screen.py (CamaraScreen) + vision/grabacion.py (grabacion_activada),RF-01,Con pantalla y cámara,"python3 -m pytest ""tests/e2e/test_gui_camara.py::test_el_instructor_decide_si_se_graba_y_se_recuerda"" -v",La elección del instructor se respeta y sobrevive al reinicio,"grabar sin que el usuario lo haya decidido llena su disco sin aviso y, con alumnos menores de edad, lo pone a filmar sin el consentimiento de sus encargados",,,,,,
TC-AUTO-047,"El impacto de una recalibración se expresa en veredictos que cambian, no en filas",Unitaria,Alta,gui/impacto_umbrales.py (titular),RF-08,Cualquiera,"python3 -m pytest ""tests/unit/test_impacto_umbrales.py::test_el_titular_cuenta_los_cambios_sobre_las_juzgadas"" -v",Una frase que el cuerpo técnico puede usar para decidir,recalibrar sin ver el efecto es cambiar la vara de medir a ciegas; el número de veredictos que se mueven es lo que le dice al cuerpo técnico si el ajuste describe mejor la postura o si se pasó de estricto,,,,,,
TC-AUTO-048,"Antes de adoptar una recalibración, el sistema informa cuántas mediciones del historial cambiarían de veredicto",E2e,Alta,gui/umbrales_screen.py + expert_system/reevaluacion.py + gui/impacto_umbrales.py,RF-08,Con pantalla y cámara,"python3 -m pytest ""tests/e2e/test_gui_umbrales.py::test_el_impacto_se_ve_antes_de_guardar"" -v",El resumen identifica las tres ejecuciones afectadas sin escribir nada,recalibrar sin ver el efecto es cambiar a ciegas la vara con que se mide a los alumnos: el mismo historial puede pasar de 100 % a 40 % de precisión sin que nadie haya vuelto a medir,,,,,,
TC-AUTO-049,El tiempo de una grabación lo dicta el video y no la velocidad a la que se analiza,Integracion,Alta,vision/camera.py (Camera.marca_de_tiempo_ms) + vision/fuentes.py,"RF-01, RF-05",Cualquiera,"python3 -m pytest ""tests/integration/test_marca_de_tiempo.py::test_una_pausa_en_el_analisis_no_altera_el_tiempo_de_la_grabacion"" -v",Las marcas dependen del contenido y no de la velocidad del análisis,"la velocidad angular del Kime se deriva del intervalo entre fotogramas; medirlo con el reloj de pared sobre una grabación lo infla varias veces y reporta como falta de explosividad toda patada correcta del video, de forma sistemática",,,,,,
TC-AUTO-050,"Sin separación suficiente entre los tobillos, el sistema no afirma qué pierna va adelante en lugar de elegir una",Unitaria,Alta,"expert_system/guardia.py (pierna_adelantada, separacion_sagital)","RF-03, RF-08",Cualquiera,"python3 -m pytest ""tests/unit/test_guardia.py::test_sin_separacion_suficiente_la_guardia_queda_sin_definir"" -v","PASSED en los dos entornos, con y sin interfaz gráfica","Zenkutsu Dachi y Kokutsu Dachi son la misma postura con las piernas intercambiadas, de modo que la guardia es lo único que las distingue. El cálculo anterior decidía por el signo de una resta, sin zona muerta, así que el ruido de la estimación de profundidad bastaba para reportar un Zenkutsu como Kokutsu CON VEREDICTO POSITIVO: la medición se guardaba con la técnica equivocada y contaminaba el historial y la gráfica de evolución del alumno. Es el único defecto conocido que corrompe datos en vez de limitarse a fallar",,,,,,
TC-AUTO-051,"Con los tobillos casi a la misma profundidad, el analizador no reporta Zenkutsu ni Kokutsu en lugar de elegir uno de los dos",Integracion,Alta,expert_system/analyzer.py (analyze_stance) sobre expert_system/guardia.py,"RF-03, RF-08",Cualquiera,"python3 -m pytest ""tests/integration/test_analyzer.py::test_una_guardia_ambigua_no_se_inventa"" -v","PASSED en los dos entornos, con y sin interfaz gráfica","es la comprobación de extremo a extremo del defecto que corrompía el historial: el analizador decidía la guardia por el signo de una resta de profundidades, sin zona muerta, de modo que el ruido de la estimación bastaba para que un Zenkutsu correcto se guardara como un Kokutsu correcto. La prueba unitaria TC-AUTO-050 verifica la geometría; esta verifica que el analizador efectivamente se abstiene y no persiste técnica ni ángulos de regla",,,,,,
TC-AUTO-052,La herramienta de comparación 2D/3D clasifica igual que el analizador del sistema en todas las posturas del catálogo,Unitaria,Media,comparar_2d_3d.py (_clasificar) contra expert_system/analyzer.py,RF-03,Cualquiera,"python3 -m pytest ""tests/unit/test_comparar_2d_3d.py::test_la_herramienta_clasifica_igual_que_el_sistema"" -v","PASSED en los dos entornos, con y sin interfaz gráfica","la herramienta replica el árbol de decisión de `analyze_stance` para poder alimentarlo con dos juegos de ángulos sobre los mismos landmarks. De esa comparación depende decidir si los ángulos del sistema pasan a calcularse en tres dimensiones, así que una réplica desactualizada no daría un error visible: daría una recomendación equivocada sobre una decisión de arquitectura",,,,,,
TC-AUTO-053,"El sistema advierte para qué técnicas sirve la posición actual de la cámara, aunque todas las articulaciones estén visibles",Unitaria,Alta,"vision/encuadre.py (evaluar, clasificar_plano)","RF-01, RF-03",Cualquiera,"python3 -m pytest ""tests/unit/test_encuadre.py::test_avisa_del_plano_aunque_todo_se_vea"" -v","PASSED en los dos entornos, con y sin interfaz gráfica","una toma frontal deja todas las articulaciones perfectamente visibles y, aun así, impide medir las técnicas del plano sagital: medido sobre 637 fotogramas de Zenkutsu Dachi grabados de frente, la postura no se reconoció ni una sola vez, frente al 40,5 % de perfil. El fallo no se manifiesta en pantalla —el esqueleto se dibuja bien y la visibilidad es alta—, de modo que sin este aviso una campaña de recolección puede completarse entera y producir datos inservibles",,,,,,
TC-AUTO-054,El modelo y la base de datos se resuelven sin depender del directorio desde el que se lanzó la aplicación,Unitaria,Alta,"rutas.py (modelo, base_de_datos, raiz_aplicacion)","RF-01, RNF-02",Cualquiera,"python3 -m pytest ""tests/unit/test_rutas.py::test_las_rutas_no_dependen_del_directorio_de_trabajo"" -v","PASSED en los dos entornos, con y sin interfaz gráfica","el modelo de pose se pedía como ruta relativa en seis módulos y la base de datos en uno. Una ruta relativa se resuelve contra el directorio de trabajo, que durante el desarrollo coincide con la carpeta del proyecto y deja de coincidir en cuanto la aplicación se empaqueta: un `.command` abierto con doble clic arranca en la carpeta personal del usuario. El fallo resultante impide arrancar y el error que produce MediaPipe no nombra el archivo que falta",,,,,,
TC-AUTO-055,El bucle de análisis reprograma siempre con el intervalo completo y nunca con una espera mínima,E2e,Alta,gui/live_screen.py (_procesar_fotograma),"RF-01, RNF-01",Con pantalla y cámara,"python3 -m pytest ""tests/e2e/test_gui_vivo.py::test_el_ciclo_reprograma_con_el_intervalo_completo"" -v",PASSED en el entorno con interfaz gráfica,"entre el 28 y el 30 de septiembre el ciclo descontaba el tiempo ya gastado antes de reprogramarse, con la intención de recuperar fotogramas por segundo. Como el trabajo de un fotograma supera el intervalo, la resta daba siempre el mínimo, y el temporizador siguiente quedaba vencido casi siempre. En macOS eso produjo dos fallos: la aplicación se cerró con RecursionError durante un análisis en vivo, y la ventana dejó de responder a los clics porque Tk recibía alrededor del 2 % del tiempo para atender al usuario. La guardia de reentrada no basta: impide que el bucle se llame a sí mismo, no que los ciclos de eventos anidados se acumulen",,,,,,
TC-AUTO-056,"Un brazo en reposo no produce veredicto de Tsuki, y un golpe produce exactamente uno",Unitaria,Alta,expert_system/tsuki.py (TsukiStateMachine),"RF-03, RF-07, RF-08",Cualquiera,"python3 -m pytest ""tests/unit/test_tsuki.py::test_un_brazo_en_reposo_no_produce_veredicto_de_tsuki"" -v","PASSED en los dos entornos, con y sin interfaz gráfica","hasta el 30-sep-2026 el codo se evaluaba en cada fotograma en que el brazo se viera, sin comprobar antes que hubiera un golpe. Como el rango de evaluación del Tsuki es 160-175 grados y un brazo colgando al costado mide entre 160 y 180, una persona de pie recibía veredictos de Tsuki: EXCELENTE mientras el ángulo quedaba dentro e HIPEREXTENDIDO (Peligro) al cruzarlo. Esas filas entraban a la base con tecnica='tsuki' y veredicto cerrado, de modo que contaminaban la precisión del alumno, su gráfica de evolución y el informe de prevención de lesiones, que cuenta hiperextensiones para advertir de bloqueo articular. Es un fallo que corrompe datos en vez de limitarse a fallar, del mismo tipo que el de la guardia del 28-sep",,,,,,
TC-AUTO-057,El analizador no emite veredicto de Tsuki mientras el brazo no golpea,Integracion,Alta,expert_system/analyzer.py (analyze_tsuki) sobre expert_system/tsuki.py,"RF-03, RF-07",Cualquiera,"python3 -m pytest ""tests/integration/test_analyzer.py::test_estar_de_pie_no_produce_veredicto_de_tsuki"" -v","PASSED en los dos entornos, con y sin interfaz grafica","la maquina de estados del Tsuki puede ser correcta y aun asi no proteger nada si el analizador sigue llamando a la regla por su cuenta, que es exactamente lo que hacia hasta el 30-sep-2026. Esta prueba recorre la costura completa -landmarks, pixeles, angulo, filtro, maquina, diagnostico- porque es en esa costura donde vivia el defecto: la regla siempre estuvo bien, lo que estaba mal era cuando se consultaba",,,,,,
TC-AUTO-058,"Ninguna llamada al analizador queda desfasada de su firma, incluidas las de los modulos que la integracion continua omite",Unitaria,Alta,expert_system/analyzer.py (firmas publicas) contra todo el repositorio,RNF-03,Cualquiera,"python3 -m pytest ""tests/unit/test_firmas_del_analizador.py::test_toda_llamada_al_analizador_pasa_los_argumentos_de_su_firma"" -v","PASSED en los dos entornos, con y sin interfaz grafica","el contenedor sin entorno grafico omite los diez modulos de tests/e2e/, asi que una llamada desfasada dentro de ellos pasa la suite completa aqui y solo falla en el equipo de destino. Ocurrio el 30-sep-2026 al anadir timestamp_ms a analyze_tsuki: se actualizaron los dieciseis puntos de llamada visibles y quedaron dos invisibles. La comprobacion estatica alcanza a los modulos que este entorno no puede importar, que es la unica forma de verificarlos desde aqui",,,,,,
TC-AUTO-059,La cota de contaminacion cuenta el reposo y no cuenta los golpes reales,Unitaria,Media,"revisar_base.py (alternancias_rapidas, resumen_por_tecnica)",RF-07,Cualquiera,"python3 -m pytest ""tests/unit/test_revisar_base.py::test_la_cota_cuenta_el_reposo_y_respeta_los_golpes"" -v","PASSED en los dos entornos, con y sin interfaz grafica","la cifra que produce esta herramienta esta destinada a la seccion de validacion de la tesis, donde sostiene cuanto contamino el historial el defecto del Tsuki del 30-sep. Una herramienta que contara de mas al describir su propio defecto produciria evidencia que la terna puede desmontar corriendo la consulta, que es peor que no tener cifra. Por eso se verifica en las dos direcciones: que detecte la firma del brazo en reposo y que NO marque una serie de golpes reales",,,,,,
TC-AUTO-060,El aviso de grabacion no anuncia que graba cuando no esta grabando,Unitaria,Alta,vision/grabacion.py (estado_en_vivo),"RF-09, RNF-05",Cualquiera,"python3 -m pytest ""tests/unit/test_grabacion.py::test_el_aviso_no_anuncia_que_graba_cuando_no_graba"" -v","PASSED en los dos entornos, con y sin interfaz grafica","este aviso es la unica pieza del sistema dedicada al consentimiento: existe para que nadie descubra despues que lo filmaron, y en el dojo se entrena con menores. Hasta el 30-sep-2026 la pantalla lo resolvia una sola vez al construirse, leyendo solo el interruptor del equipo, de modo que anunciaba «Grabando» sin alumno elegido --sin camara ni sesion, sin nada que grabar-- y seguia anunciandolo si el grabador renunciaba a mitad de sesion por disco lleno o codec caido. El segundo caso deja al sensei creyendo que tiene el video de la sesion, y se entera al ir a buscarlo. Un punto rojo que a veces no significa nada es peor que no tener punto rojo",,,,,,
TC-AUTO-061,"La herramienta reconoce el Tsuki rapido, no el lento, y ninguno al recoger",Unitaria,Alta,revisar_tsuki.py sobre expert_system/tsuki.py,"RF-03, RF-07",Cualquiera,"python3 -m pytest ""tests/unit/test_revisar_tsuki.py::test_reconoce_el_golpe_rapido_y_no_el_lento_ni_la_recogida"" -v","PASSED en los dos entornos, con y sin interfaz grafica","los dos umbrales del Tsuki (35 grados en 500 ms) salieron de la definicion de la tecnica y no de una medicion, y gobiernan que se registra. Probando en vivo el 30-sep-2026 aparecio que un Tsuki lento no se reconoce --coherente con exigir 70 grados/s-- y la sospecha de que recoger el brazo encendia el veredicto, que si seria un defecto. Esta herramienta es la que va a fijar los numeros con datos reales, asi que si ella cuenta mal, el error pasa directo a la tesis",,,,,,
TC-AUTO-062,El plan de pruebas recoge todos los casos y sus comandos ejecutan,Unitaria,Media,plan_de_pruebas.py,RNF-03,Cualquiera,"python3 -m pytest ""tests/unit/test_plan_de_pruebas.py::test_el_plan_recoge_todos_los_casos_y_sus_comandos_ejecutan"" -v","PASSED en los dos entornos, con y sin interfaz grafica","el plan es un entregable que se firma y se presenta, y su utilidad depende de dos cosas que nada mas vigila: que no falte ningun caso y que el comando de cada fila ejecute de verdad. Los diez modulos de tests/e2e/ se omiten solos sin entorno grafico, asi que un plan generado importando los modulos saldria SIN los casos de interfaz --justo los que hay que ejecutar a mano delante de alguien--. Por eso el generador lee el arbol sintactico y no importa nada, y por eso esto se verifica",,,,,,
